evaluator,minority_votes,proportion
claude,59,0.10207612456747404
grok,231,0.39965397923875434
gpt5,266,0.4602076124567474
